account,amount
0x0000000000000000000000000000000000000001,1
0x0000000000000000000000000000000000000002,2
0x0000000000000000000000000000000000000003,3
0x0000000000000000000000000000000000000004,4
0x0000000000000000000000000000000000000005,5
0x0000000000000000000000000000000000000006,6
0x0000000000000000000000000000000000000007,7
0x0000000000000000000000000000000000000008,8
0x0000000000000000000000000000000000000009,9
0x0000000000000000000000000000000000000010,10
0x0000000000000000000000000000000000000011,11
0x0000000000000000000000000000000000000012,12
0x0000000000000000000000000000000000000013,13
0x0000000000000000000000000000000000000014,14
0x0000000000000000000000000000000000000015,15
0x0000000000000000000000000000000000000016,16
